ModelID,Gene,DNAChange,ProteinChange,LikelyGoF,Driver,LikelyDriver
ACH-000784,GATA3 (2625),c.1183G>A,p.A395T,True,False,True
ACH-000913,XPO1 (7514),c.1711G>A,p.E571K,True,False,True
ACH-000913,SF3B1 (23451),c.1998G>T,p.K666N,True,False,True
ACH-000913,PIK3CA (5290),c.1633G>A,p.E545K,True,True,True
ACH-000479,EGFR (1956),c.1658G>T,p.G553V,True,False,True
ACH-000955,CTNNB1 (1499),c.121A>G,p.T41A,True,True,True
ACH-000955,PIK3CA (5290),c.3140A>G,p.H1047R,True,True,True
ACH-000955,KRAS (3845),c.35G>A,p.G12D,True,True,True
ACH-000955,ERBB3 (2065),c.310G>A,p.V104M,True,True,True
ACH-000955,ERBB3 (2065),c.785C>A,p.P262H,True,False,True
ACH-000958,CTNNB1 (1499),c.98C>A,p.S33Y,True,False,True
ACH-000958,EGFR (1956),c.2020G>A,p.G674S,True,True,True
ACH-000958,MAP2K1 (5604),c.167A>C,p.Q56P,True,False,True
ACH-001533,MYD88 (4615),c.439T>C,p.*147R,True,True,True
ACH-000750,BRAF (673),c.1799T>A,p.V600E,True,True,True
ACH-000750,KSR2 (283455),c.2175C>T,p.F725F,True,False,True
ACH-000912,DDR2 (4921),c.1912A>T,p.I638F,True,False,True
ACH-001636,PGR (5241),c.2219G>A,p.R740Q,True,False,True
ACH-001129,U2AF1 (7307),c.470A>C,p.Q157P,True,True,True
ACH-002926,GNA11 (2767),c.626A>T,p.Q209L,True,False,True
ACH-000988,FGFR2 (2263),c.71C>G,p.S24W,True,False,True
ACH-000788,TP63 (8626),c.1135C>T,p.R379C,True,False,True
ACH-000788,BRAF (673),c.1799T>A,p.V600E,True,True,True
ACH-000788,MAP2K1 (5604),c.370C>T,p.P124S,True,False,True
ACH-000969,GNAS (2778),c.602G>A,p.R201H,True,False,True
ACH-000714,FGFR3 (2261),c.1118A>G,p.Y373C,True,True,True
ACH-000714,FGFR3 (2261),c.1118A>G,p.Y373C,True,False,True
ACH-000192,PIK3CA (5290),c.3139C>T,p.H1047Y,True,False,True
ACH-000192,MLLT10 (8028),c.2111G>T,p.R704L,True,False,True
ACH-000192,FGFR2 (2263),c.71C>G,p.S24W,True,False,True
ACH-000657,PIK3CA (5290),c.1093G>A,p.E365K,True,False,True
ACH-000657,RRAS2 (22800),c.215A>T,p.Q72L,True,False,True
ACH-000657,MED12 (9968),c.67G>T,p.D23Y,True,False,True
ACH-000614,BRAF (673),c.1799T>A,p.V600E,True,True,True
ACH-000147,PIK3CA (5290),c.3140A>G,p.H1047R,True,True,True
ACH-000183,NRAS (4893),c.183A>C,p.Q61H,True,False,True
ACH-000183,PIK3CA (5290),c.1633G>A,p.E545K,True,True,True
ACH-000787,SOS1 (6654),c.697A>T,p.N233Y,True,False,True
ACH-000787,CTNNB1 (1499),c.121A>G,p.T41A,True,True,True
ACH-001736,FLT3 (2322),c.2503G>C,p.D835H,True,True,True
ACH-001843,CTNNB1 (1499),c.97T>C,p.S33P,True,False,True
ACH-001843,KRAS (3845),c.35G>A,p.G12D,True,True,True
ACH-001843,GNAS (2778),c.602G>A,p.R201H,True,False,True
ACH-000396,FGFR3 (2261),c.1951A>G,p.K651E,True,False,True
ACH-000396,ERBB2 (2064),c.2033G>A,p.R678Q,True,False,True
ACH-000458,RHOA (387),c.118G>C,p.E40Q,True,False,True
ACH-000458,HRAS (3265),c.182A>T,p.Q61L,True,False,True
ACH-000004,JAK2 (3717),c.1849G>T,p.V617F,True,True,True
ACH-002189,PIK3CB (5291),c.3200A>T,p.D1067V,True,False,True
ACH-000935,KDR (3791),c.3095G>A,p.R1032Q,True,False,True
ACH-000935,BRAF (673),c.1798_1799GT>AA,p.V600K,True,True,True
ACH-000263,KIT (3815),c.2466T>A,p.N822K,True,True,True
ACH-001411,PIK3CA (5290),c.1633G>A,p.E545K,True,True,True
ACH-001842,SF3B1 (23451),c.2098A>G,p.K700E,True,False,True
ACH-001842,AKT1 (207),c.49G>A,p.E17K,True,True,True
ACH-000841,NRAS (4893),c.181C>A,p.Q61K,True,True,True
ACH-000841,BRAF (673),c.1789C>G,p.L597V,True,False,True
ACH-000149,ALK (238),c.3522C>A,p.F1174L,True,True,True
ACH-000993,MTOR (2475),c.6644C>A,p.S2215Y,True,False,True
ACH-000993,XPO1 (7514),c.2246G>A,p.R749Q,True,False,True
ACH-000993,NT5C2 (22978),c.1168G>A,p.E390K,True,False,True
ACH-000168,KRAS (3845),c.38G>A,p.G13D,True,True,True
ACH-001303,DDR2 (4921),c.187C>G,p.L63V,True,False,True
ACH-001303,ALK (238),c.3824G>A,p.R1275Q,True,True,True
ACH-002029,ERBB4 (2066),c.3325G>T,p.G1109C,True,False,True
ACH-001081,MTOR (2475),c.7500T>G,p.I2500M,True,False,True
ACH-001081,XPO1 (7514),c.1711G>A,p.E571K,True,False,True
ACH-001081,RAF1 (5894),c.770C>T,p.S257L,True,False,True
ACH-001081,KRAS (3845),c.436G>A,p.A146T,True,True,True
ACH-000996,PIK3CA (5290),c.3129G>T,p.M1043I,True,False,True
ACH-000996,ARHGAP35 (2909),c.2989C>T,p.R997*,True,False,True
ACH-000946,NFE2L2 (4780),c.53G>C,p.R18P,True,False,True
ACH-000946,CTNNB1 (1499),c.95A>T,p.D32V,True,False,True
ACH-000946,CCND1 (595),c.859C>A,p.P287T,True,False,True
ACH-000937,NRAS (4893),c.34G>A,p.G12S,True,False,True
ACH-000937,NOTCH1 (4851),c.4721T>C,p.L1574P,True,False,True
ACH-001563,NRAS (4893),c.37G>C,p.G13R,True,False,True
ACH-001563,IDH1 (3417),c.394C>T,p.R132C,True,True,True
ACH-000774,KRAS (3845),c.35G>T,p.G12V,True,True,True
ACH-001554,GNAQ (2776),c.626A>T,p.Q209L,True,False,True
ACH-002265,NFE2L2 (4780),c.52C>G,p.R18G,True,False,True
ACH-001674,ALK (238),c.3824G>A,p.R1275Q,True,True,True
ACH-001674,RAC1 (5879),c.85C>T,p.P29S,True,False,True
ACH-000406,JAK3 (3718),c.1533G>A,p.M511I,True,False,True
ACH-001517,PIK3CA (5290),c.3145G>C,p.G1049R,True,False,True
ACH-001517,KRAS (3845),c.35G>A,p.G12D,True,True,True
ACH-001517,ERBB2 (2064),c.2393C>T,p.T798I,True,False,True
ACH-001517,ERBB2 (2064),c.2524G>A,p.V842I,True,True,True
ACH-000434,ABL1 (25),c.1051C>T,p.R351W,True,True,True
ACH-000434,HRAS (3265),c.182A>T,p.Q61L,True,False,True
ACH-000855,RAC1 (5879),c.85C>T,p.P29S,True,False,True
ACH-000855,ERBB3 (2065),c.889G>T,p.D297Y,True,False,True
ACH-000404,BRAF (673),c.1799T>A,p.V600E,True,True,True
ACH-000991,XPO1 (7514),c.2246G>A,p.R749Q,True,False,True
ACH-000991,XPO1 (7514),c.1711G>A,p.E571K,True,False,True
ACH-000991,BCL6 (604),c.1613G>A,p.R538Q,True,False,True
ACH-000991,KRAS (3845),c.436G>A,p.A146T,True,True,True
ACH-000527,PIK3CA (5290),c.1258T>C,p.C420R,True,True,True
ACH-000605,GATA3 (2625),c.1183G>A,p.A395T,True,False,True
